Workbook

Sheet Problemas
A1: ID | B1: Mundo | C1: Nivel | D1: Edad sugerida | E1: Tipo de modelo | F1: Enunciado | G1: Dato 1 | H1: Dato 2 | I1: Dato 3 | J1: Respuesta | K1: Operación | L1: Modelo de barras esperado | M1: Pista 1 | N1: Pista 2 | O1: Error típico
A2: M1-N1-01 | B2: Suma y resta | C2: 1 | D2: 6 | E2: Parte-todo | F2: Leo tiene 10 globos y recibe 2 más. ¿Cuántos tiene ahora? | G2: 10 | H2: 2 | J2: =G2+H2 -> 12 | K2: 10 + 2 | L2: Una barra con dos partes (10 y 2) y una llave con '?' sobre el total. | M2: ¿Qué sabes: las partes o el total? | N2: Dibuja una parte de 10 y otra de 2; busca el total. | O2: Restar 10 - 2 en lugar de sumar.
A3: M1-N1-02 | B3: Suma y resta | C3: 1 | D3: 6 | E3: Parte-todo | F3: Pedro tiene 10 caramelos y recibe 5 más. ¿Cuántos tiene ahora? | G3: 10 | H3: 5 | J3: =G3+H3 -> 15 | K3: 10 + 5 | L3: Una barra con dos partes (10 y 5) y una llave con '?' sobre el total. | M3: ¿Qué sabes: las partes o el total? | N3: Dibuja una parte de 10 y otra de 5; busca el total. | O3: Restar 10 - 5 en lugar de sumar.
A4: M1-N1-03 | B4: Suma y resta | C4: 1 | D4: 6 | E4: Parte-todo | F4: Hugo tiene 12 caramelos y recibe 5 más. ¿Cuántos tiene ahora? | G4: 12 | H4: 5 | J4: =G4+H4 -> 17 | K4: 12 + 5 | L4: Una barra con dos partes (12 y 5) y una llave con '?' sobre el total. | M4: ¿Qué sabes: las partes o el total? | N4: Dibuja una parte de 12 y otra de 5; busca el total. | O4: Restar 12 - 5 en lugar de sumar.
A5: M1-N1-04 | B5: Suma y resta | C5: 1 | D5: 6 | E5: Parte-todo | F5: Hugo tiene 7 libros y regala 2. ¿Cuántos le quedan? | G5: 7 | H5: 2 | J5: =G5-H5 -> 5 | K5: 7 - 2 | L5: Barra total de 7, con una parte de 2 y otra parte '?'. | M5: ¿Qué es lo que se conoce: el total o una parte? | N5: La barra entera es 7. Quita la parte de 2. | O5: Sumar los dos números.
A6: M1-N1-05 | B6: Suma y resta | C6: 1 | D6: 6 | E6: Parte-todo | F6: Hugo tiene 6 cromos y regala 4. ¿Cuántos le quedan? | G6: 6 | H6: 4 | J6: =G6-H6 -> 2 | K6: 6 - 4 | L6: Barra total de 6, con una parte de 4 y otra parte '?'. | M6: ¿Qué es lo que se conoce: el total o una parte? | N6: La barra entera es 6. Quita la parte de 4. | O6: Sumar los dos números.
A7: M1-N1-06 | B7: Suma y resta | C7: 1 | D7: 6 | E7: Parte-todo | F7: Leo tiene 6 libros y regala 5. ¿Cuántos le quedan? | G7: 6 | H7: 5 | J7: =G7-H7 -> 1 | K7: 6 - 5 | L7: Barra total de 6, con una parte de 5 y otra parte '?'. | M7: ¿Qué es lo que se conoce: el total o una parte? | N7: La barra entera es 6. Quita la parte de 5. | O7: Sumar los dos números.
A8: M1-N1-07 | B8: Suma y resta | C8: 1 | D8: 6 | E8: Parte-todo | F8: En una caja hay 7 globos; 5 son rojos y el resto azules. ¿Cuántos son azules? | G8: 7 | H8: 5 | J8: =G8-H8 -> 2 | K8: 7 - 5 | L8: Barra total de 7; parte roja de 5; parte azul '?'. | M8: ¿Cuál es el total y cuál es una de las partes? | N8: El resto es la parte que falta de la barra. | O8: Responder con el número de rojos.
A9: M1-N1-08 | B9: Suma y resta | C9: 1 | D9: 6 | E9: Parte-todo | F9: En una caja hay 8 globos; 5 son rojos y el resto azules. ¿Cuántos son azules? | G9: 8 | H9: 5 | J9: =G9-H9 -> 3 | K9: 8 - 5 | L9: Barra total de 8; parte roja de 5; parte azul '?'. | M9: ¿Cuál es el total y cuál es una de las partes? | N9: El resto es la parte que falta de la barra. | O9: Responder con el número de rojos.
A10: M1-N1-09 | B10: Suma y resta | C10: 1 | D10: 6 | E10: Parte-todo | F10: En una caja hay 11 caramelos; 2 son rojos y el resto azules. ¿Cuántos son azules? | G10: 11 | H10: 2 | J10: =G10-H10 -> 9 | K10: 11 - 2 | L10: Barra total de 11; parte roja de 2; parte azul '?'. | M10: ¿Cuál es el total y cuál es una de las partes? | N10: El resto es la parte que falta de la barra. | O10: Responder con el número de rojos.
A11: M1-N1-10 | B11: Suma y resta | C11: 1 | D11: 6 | E11: Parte-todo | F11: Iker tenía algunos globos. Ganó 4 y ahora tiene 6. ¿Cuántos tenía al principio? | G11: 6 | H11: 4 | J11: =G11-H11 -> 2 | K11: 6 - 4 | L11: Barra total de 6; parte ganada de 4; parte inicial '?'. | M11: ¿Qué número es el total final? | N11: Lo que tenía al principio es una parte de la barra final. | O11: Sumar porque 'ganó'.
A12: M1-N1-11 | B12: Suma y resta | C12: 1 | D12: 6 | E12: Parte-todo | F12: Sofía tenía algunos libros. Ganó 4 y ahora tiene 7. ¿Cuántos tenía al principio? | G12: 7 | H12: 4 | J12: =G12-H12 -> 3 | K12: 7 - 4 | L12: Barra total de 7; parte ganada de 4; parte inicial '?'. | M12: ¿Qué número es el total final? | N12: Lo que tenía al principio es una parte de la barra final. | O12: Sumar porque 'ganó'.
A13: M1-N1-12 | B13: Suma y resta | C13: 1 | D13: 6 | E13: Parte-todo | F13: Ana tenía algunos juguetes. Ganó 4 y ahora tiene 8. ¿Cuántos tenía al principio? | G13: 8 | H13: 4 | J13: =G13-H13 -> 4 | K13: 8 - 4 | L13: Barra total de 8; parte ganada de 4; parte inicial '?'. | M13: ¿Qué número es el total final? | N13: Lo que tenía al principio es una parte de la barra final. | O13: Sumar porque 'ganó'.
A14: M1-N2-01 | B14: Suma y resta | C14: 2 | D14: 6-7 | E14: Parte-todo | F14: Dani tiene 30 libros y recibe 20 más. ¿Cuántos tiene ahora? | G14: 30 | H14: 20 | J14: =G14+H14 -> 50 | K14: 30 + 20 | L14: Una barra con dos partes (30 y 20) y una llave con '?' sobre el total. | M14: ¿Qué sabes: las partes o el total? | N14: Dibuja una parte de 30 y otra de 20; busca el total. | O14: Restar 30 - 20 en lugar de sumar.
A15: M1-N2-02 | B15: Suma y resta | C15: 2 | D15: 6-7 | E15: Parte-todo | F15: Hugo tiene 56 caramelos y recibe 11 más. ¿Cuántos tiene ahora? | G15: 56 | H15: 11 | J15: =G15+H15 -> 67 | K15: 56 + 11 | L15: Una barra con dos partes (56 y 11) y una llave con '?' sobre el total. | M15: ¿Qué sabes: las partes o el total? | N15: Dibuja una parte de 56 y otra de 11; busca el total. | O15: Restar 56 - 11 en lugar de sumar.
A16: M1-N2-03 | B16: Suma y resta | C16: 2 | D16: 6-7 | E16: Parte-todo | F16: Julia tiene 56 caramelos y recibe 20 más. ¿Cuántos tiene ahora? | G16: 56 | H16: 20 | J16: =G16+H16 -> 76 | K16: 56 + 20 | L16: Una barra con dos partes (56 y 20) y una llave con '?' sobre el total. | M16: ¿Qué sabes: las partes o el total? | N16: Dibuja una parte de 56 y otra de 20; busca el total. | O16: Restar 56 - 20 en lugar de sumar.
A17: M1-N2-04 | B17: Suma y resta | C17: 2 | D17: 6-7 | E17: Parte-todo | F17: Lola tiene 51 globos y regala 23. ¿Cuántos le quedan? | G17: 51 | H17: 23 | J17: =G17-H17 -> 28 | K17: 51 - 23 | L17: Barra total de 51, con una parte de 23 y otra parte '?'. | M17: ¿Qué es lo que se conoce: el total o una parte? | N17: La barra entera es 51. Quita la parte de 23. | O17: Sumar los dos números.
A18: M1-N2-05 | B18: Suma y resta | C18: 2 | D18: 6-7 | E18: Parte-todo | F18: Lola tiene 26 caramelos y regala 15. ¿Cuántos le quedan? | G18: 26 | H18: 15 | J18: =G18-H18 -> 11 | K18: 26 - 15 | L18: Barra total de 26, con una parte de 15 y otra parte '?'. | M18: ¿Qué es lo que se conoce: el total o una parte? | N18: La barra entera es 26. Quita la parte de 15. | O18: Sumar los dos números.
A19: M1-N2-06 | B19: Suma y resta | C19: 2 | D19: 6-7 | E19: Parte-todo | F19: Marta tiene 58 cromos y regala 11. ¿Cuántos le quedan? | G19: 58 | H19: 11 | J19: =G19-H19 -> 47 | K19: 58 - 11 | L19: Barra total de 58, con una parte de 11 y otra parte '?'. | M19: ¿Qué es lo que se conoce: el total o una parte? | N19: La barra entera es 58. Quita la parte de 11. | O19: Sumar los dos números.
A20: M1-N2-07 | B20: Suma y resta | C20: 2 | D20: 6-7 | E20: Parte-todo | F20: En una caja hay 52 caramelos; 23 son rojos y el resto azules. ¿Cuántos son azules? | G20: 52 | H20: 23 | J20: =G20-H20 -> 29 | K20: 52 - 23 | L20: Barra total de 52; parte roja de 23; parte azul '?'. | M20: ¿Cuál es el total y cuál es una de las partes? | N20: El resto es la parte que falta de la barra. | O20: Responder con el número de rojos.
A21: M1-N2-08 | B21: Suma y resta | C21: 2 | D21: 6-7 | E21: Parte-todo | F21: En una caja hay 39 libros; 11 son rojos y el resto azules. ¿Cuántos son azules? | G21: 39 | H21: 11 | J21: =G21-H21 -> 28 | K21: 39 - 11 | L21: Barra total de 39; parte roja de 11; parte azul '?'. | M21: ¿Cuál es el total y cuál es una de las partes? | N21: El resto es la parte que falta de la barra. | O21: Responder con el número de rojos.
A22: M1-N2-09 | B22: Suma y resta | C22: 2 | D22: 6-7 | E22: Parte-todo | F22: En una caja hay 54 juguetes; 23 son rojos y el resto azules. ¿Cuántos son azules? | G22: 54 | H22: 23 | J22: =G22-H22 -> 31 | K22: 54 - 23 | L22: Barra total de 54; parte roja de 23; parte azul '?'. | M22: ¿Cuál es el total y cuál es una de las partes? | N22: El resto es la parte que falta de la barra. | O22: Responder con el número de rojos.
A23: M1-N2-10 | B23: Suma y resta | C23: 2 | D23: 6-7 | E23: Parte-todo | F23: Iker tenía algunos caramelos. Ganó 20 y ahora tiene 41. ¿Cuántos tenía al principio? | G23: 41 | H23: 20 | J23: =G23-H23 -> 21 | K23: 41 - 20 | L23: Barra total de 41; parte ganada de 20; parte inicial '?'. | M23: ¿Qué número es el total final? | N23: Lo que tenía al principio es una parte de la barra final. | O23: Sumar porque 'ganó'.
A24: M1-N2-11 | B24: Suma y resta | C24: 2 | D24: 6-7 | E24: Parte-todo | F24: Carla tenía algunos globos. Ganó 24 y ahora tiene 60. ¿Cuántos tenía al principio? | G24: 60 | H24: 24 | J24: =G24-H24 -> 36 | K24: 60 - 24 | L24: Barra total de 60; parte ganada de 24; parte inicial '?'. | M24: ¿Qué número es el total final? | N24: Lo que tenía al principio es una parte de la barra final. | O24: Sumar porque 'ganó'.
A25: M1-N2-12 | B25: Suma y resta | C25: 2 | D25: 6-7 | E25: Parte-todo | F25: Iker tenía algunos libros. Ganó 21 y ahora tiene 50. ¿Cuántos tenía al principio? | G25: 50 | H25: 21 | J25: =G25-H25 -> 29 | K25: 50 - 21 | L25: Barra total de 50; parte ganada de 21; parte inicial '?'. | M25: ¿Qué número es el total final? | N25: Lo que tenía al principio es una parte de la barra final. | O25: Sumar porque 'ganó'.
A26: M1-N3-01 | B26: Suma y resta | C26: 3 | D26: 7 | E26: Parte-todo | F26: Pedro tiene 77 globos y recibe 15 más. ¿Cuántos tiene ahora? | G26: 77 | H26: 15 | J26: =G26+H26 -> 92 | K26: 77 + 15 | L26: Una barra con dos partes (77 y 15) y una llave con '?' sobre el total. | M26: ¿Qué sabes: las partes o el total? | N26: Dibuja una parte de 77 y otra de 15; busca el total. | O26: Restar 77 - 15 en lugar de sumar.
A27: M1-N3-02 | B27: Suma y resta | C27: 3 | D27: 7 | E27: Parte-todo | F27: Ana tiene 98 lápices y recibe 45 más. ¿Cuántos tiene ahora? | G27: 98 | H27: 45 | J27: =G27+H27 -> 143 | K27: 98 + 45 | L27: Una barra con dos partes (98 y 45) y una llave con '?' sobre el total. | M27: ¿Qué sabes: las partes o el total? | N27: Dibuja una parte de 98 y otra de 45; busca el total. | O27: Restar 98 - 45 en lugar de sumar.
A28: M1-N3-03 | B28: Suma y resta | C28: 3 | D28: 7 | E28: Parte-todo | F28: Dani tiene 91 caramelos y recibe 26 más. ¿Cuántos tiene ahora? | G28: 91 | H28: 26 | J28: =G28+H28 -> 117 | K28: 91 + 26 | L28: Una barra con dos partes (91 y 26) y una llave con '?' sobre el total. | M28: ¿Qué sabes: las partes o el total? | N28: Dibuja una parte de 91 y otra de 26; busca el total. | O28: Restar 91 - 26 en lugar de sumar.
A29: M1-N3-04 | B29: Suma y resta | C29: 3 | D29: 7 | E29: Parte-todo | F29: Pedro tiene 91 globos y regala 29. ¿Cuántos le quedan? | G29: 91 | H29: 29 | J29: =G29-H29 -> 62 | K29: 91 - 29 | L29: Barra total de 91, con una parte de 29 y otra parte '?'. | M29: ¿Qué es lo que se conoce: el total o una parte? | N29: La barra entera es 91. Quita la parte de 29. | O29: Sumar los dos números.
A30: M1-N3-05 | B30: Suma y resta | C30: 3 | D30: 7 | E30: Parte-todo | F30: Lola tiene 87 libros y regala 32. ¿Cuántos le quedan? | G30: 87 | H30: 32 | J30: =G30-H30 -> 55 | K30: 87 - 32 | L30: Barra total de 87, con una parte de 32 y otra parte '?'. | M30: ¿Qué es lo que se conoce: el total o una parte? | N30: La barra entera es 87. Quita la parte de 32. | O30: Sumar los dos números.
A31: M1-N3-06 | B31: Suma y resta | C31: 3 | D31: 7 | E31: Parte-todo | F31: Carla tiene 78 cromos y regala 25. ¿Cuántos le quedan? | G31: 78 | H31: 25 | J31: =G31-H31 -> 53 | K31: 78 - 25 | L31: Barra total de 78, con una parte de 25 y otra parte '?'. | M31: ¿Qué es lo que se conoce: el total o una parte? | N31: La barra entera es 78. Quita la parte de 25. | O31: Sumar los dos números.
A32: M1-N3-07 | B32: Suma y resta | C32: 3 | D32: 7 | E32: Parte-todo | F32: En una caja hay 88 cromos; 37 son rojos y el resto azules. ¿Cuántos son azules? | G32: 88 | H32: 37 | J32: =G32-H32 -> 51 | K32: 88 - 37 | L32: Barra total de 88; parte roja de 37; parte azul '?'. | M32: ¿Cuál es el total y cuál es una de las partes? | N32: El resto es la parte que falta de la barra. | O32: Responder con el número de rojos.
A33: M1-N3-08 | B33: Suma y resta | C33: 3 | D33: 7 | E33: Parte-todo | F33: En una caja hay 76 caramelos; 29 son rojos y el resto azules. ¿Cuántos son azules? | G33: 76 | H33: 29 | J33: =G33-H33 -> 47 | K33: 76 - 29 | L33: Barra total de 76; parte roja de 29; parte azul '?'. | M33: ¿Cuál es el total y cuál es una de las partes? | N33: El resto es la parte que falta de la barra. | O33: Responder con el número de rojos.
A34: M1-N3-09 | B34: Suma y resta | C34: 3 | D34: 7 | E34: Parte-todo | F34: En una caja hay 90 libros; 45 son rojos y el resto azules. ¿Cuántos son azules? | G34: 90 | H34: 45 | J34: =G34-H34 -> 45 | K34: 90 - 45 | L34: Barra total de 90; parte roja de 45; parte azul '?'. | M34: ¿Cuál es el total y cuál es una de las partes? | N34: El resto es la parte que falta de la barra. | O34: Responder con el número de rojos.
A35: M1-N3-10 | B35: Suma y resta | C35: 3 | D35: 7 | E35: Parte-todo | F35: Leo tenía algunos juguetes. Ganó 43 y ahora tiene 77. ¿Cuántos tenía al principio? | G35: 77 | H35: 43 | J35: =G35-H35 -> 34 | K35: 77 - 43 | L35: Barra total de 77; parte ganada de 43; parte inicial '?'. | M35: ¿Qué número es el total final? | N35: Lo que tenía al principio es una parte de la barra final. | O35: Sumar porque 'ganó'.
A36: M1-N3-11 | B36: Suma y resta | C36: 3 | D36: 7 | E36: Parte-todo | F36: Dani tenía algunos globos. Ganó 21 y ahora tiene 66. ¿Cuántos tenía al principio? | G36: 66 | H36: 21 | J36: =G36-H36 -> 45 | K36: 66 - 21 | L36: Barra total de 66; parte ganada de 21; parte inicial '?'. | M36: ¿Qué número es el total final? | N36: Lo que tenía al principio es una parte de la barra final. | O36: Sumar porque 'ganó'.
A37: M1-N3-12 | B37: Suma y resta | C37: 3 | D37: 7 | E37: Parte-todo | F37: Iker tenía algunos libros. Ganó 29 y ahora tiene 69. ¿Cuántos tenía al principio? | G37: 69 | H37: 29 | J37: =G37-H37 -> 40 | K37: 69 - 29 | L37: Barra total de 69; parte ganada de 29; parte inicial '?'. | M37: ¿Qué número es el total final? | N37: Lo que tenía al principio es una parte de la barra final. | O37: Sumar porque 'ganó'.
A38: M2-N1-01 | B38: Comparación | C38: 1 | D38: 7-8 | E38: Comparación | F38: Ana tiene 17 cromos y Leo tiene 6 más que Ana. ¿Cuántos tiene Leo? | G38: 17 | H38: 6 | J38: =G38+H38 -> 23 | K38: 17 + 6 | L38: Barra de Ana = 17; barra de Leo = 17 + bloque de 6; '?' en la barra de Leo. | M38: ¿Quién tiene más, Ana o Leo? | N38: La barra de Leo empieza igual y añade 6. | O38: Responder 6 (solo la diferencia).
A39: M2-N1-02 | B39: Comparación | C39: 1 | D39: 7-8 | E39: Comparación | F39: Lola tiene 13 caramelos y Leo tiene 3 más que Lola. ¿Cuántos tiene Leo? | G39: 13 | H39: 3 | J39: =G39+H39 -> 16 | K39: 13 + 3 | L39: Barra de Lola = 13; barra de Leo = 13 + bloque de 3; '?' en la barra de Leo. | M39: ¿Quién tiene más, Lola o Leo? | N39: La barra de Leo empieza igual y añade 3. | O39: Responder 3 (solo la diferencia).
A40: M2-N1-03 | B40: Comparación | C40: 1 | D40: 7-8 | E40: Comparación | F40: Leo tiene 18 cromos y Hugo tiene 4 más que Leo. ¿Cuántos tiene Hugo? | G40: 18 | H40: 4 | J40: =G40+H40 -> 22 | K40: 18 + 4 | L40: Barra de Leo = 18; barra de Hugo = 18 + bloque de 4; '?' en la barra de Hugo. | M40: ¿Quién tiene más, Leo o Hugo? | N40: La barra de Hugo empieza igual y añade 4. | O40: Responder 4 (solo la diferencia).
A41: M2-N1-04 | B41: Comparación | C41: 1 | D41: 7-8 | E41: Comparación | F41: Carla tiene 12 globos y Iker tiene 2 menos. ¿Cuántos tiene Iker? | G41: 12 | H41: 2 | J41: =G41-H41 -> 10 | K41: 12 - 2 | L41: Barra de Carla = 12; barra de Iker más corta en 2; '?' en la barra de Iker. | M41: ¿La barra de Iker es más larga o más corta? | N41: Quita 2 a la barra de Carla. | O41: Sumar porque aparece el número más pequeño.
A42: M2-N1-05 | B42: Comparación | C42: 1 | D42: 7-8 | E42: Comparación | F42: Tomás tiene 19 caramelos y Carla tiene 8 menos. ¿Cuántos tiene Carla? | G42: 19 | H42: 8 | J42: =G42-H42 -> 11 | K42: 19 - 8 | L42: Barra de Tomás = 19; barra de Carla más corta en 8; '?' en la barra de Carla. | M42: ¿La barra de Carla es más larga o más corta? | N42: Quita 8 a la barra de Tomás. | O42: Sumar porque aparece el número más pequeño.
A43: M2-N1-06 | B43: Comparación | C43: 1 | D43: 7-8 | E43: Comparación | F43: Dani tiene 13 caramelos y Marta tiene 5 menos. ¿Cuántos tiene Marta? | G43: 13 | H43: 5 | J43: =G43-H43 -> 8 | K43: 13 - 5 | L43: Barra de Dani = 13; barra de Marta más corta en 5; '?' en la barra de Marta. | M43: ¿La barra de Marta es más larga o más corta? | N43: Quita 5 a la barra de Dani. | O43: Sumar porque aparece el número más pequeño.
A44: M2-N1-07 | B44: Comparación | C44: 1 | D44: 7-8 | E44: Comparación | F44: Hugo tiene 18 caramelos y Marta tiene 4. ¿Cuántos más tiene Hugo que Marta? | G44: 18 | H44: 4 | J44: =G44-H44 -> 14 | K44: 18 - 4 | L44: Dos barras alineadas (18 y 4) y un corchete '?' en la diferencia. | M44: Alinea las dos barras desde la izquierda. | N44: La diferencia es la parte que sobresale de la barra larga. | O44: Sumar los dos números.
A45: M2-N1-08 | B45: Comparación | C45: 1 | D45: 7-8 | E45: Comparación | F45: Leo tiene 12 juguetes y Julia tiene 3. ¿Cuántos más tiene Leo que Julia? | G45: 12 | H45: 3 | J45: =G45-H45 -> 9 | K45: 12 - 3 | L45: Dos barras alineadas (12 y 3) y un corchete '?' en la diferencia. | M45: Alinea las dos barras desde la izquierda. | N45: La diferencia es la parte que sobresale de la barra larga. | O45: Sumar los dos números.
A46: M2-N1-09 | B46: Comparación | C46: 1 | D46: 7-8 | E46: Comparación | F46: Hugo tiene 16 caramelos y Sofía tiene 5. ¿Cuántos más tiene Hugo que Sofía? | G46: 16 | H46: 5 | J46: =G46-H46 -> 11 | K46: 16 - 5 | L46: Dos barras alineadas (16 y 5) y un corchete '?' en la diferencia. | M46: Alinea las dos barras desde la izquierda. | N46: La diferencia es la parte que sobresale de la barra larga. | O46: Sumar los dos números.
A47: M2-N1-10 | B47: Comparación | C47: 1 | D47: 7-8 | E47: Comparación | F47: Marta tiene 16 lápices y Lola tiene 2 más que Marta. ¿Cuántos tienen entre los dos? | G47: 16 | H47: 2 | J47: =2*G47+H47 -> 34 | K47: 16 + (16 + 2) | L47: Barra de Marta = 16; barra de Lola = 16 + 2; llave '?' sobre ambas. | M47: Primero, ¿cuántos tiene Lola? | N47: Después suma las dos barras. | O47: Calcular solo lo de Lola, sin sumar a Marta.
A48: M2-N1-11 | B48: Comparación | C48: 1 | D48: 7-8 | E48: Comparación | F48: Leo tiene 10 cromos y Julia tiene 8 más que Leo. ¿Cuántos tienen entre los dos? | G48: 10 | H48: 8 | J48: =2*G48+H48 -> 28 | K48: 10 + (10 + 8) | L48: Barra de Leo = 10; barra de Julia = 10 + 8; llave '?' sobre ambas. | M48: Primero, ¿cuántos tiene Julia? | N48: Después suma las dos barras. | O48: Calcular solo lo de Julia, sin sumar a Leo.
A49: M2-N1-12 | B49: Comparación | C49: 1 | D49: 7-8 | E49: Comparación | F49: Tomás tiene 10 globos y Carla tiene 2 más que Tomás. ¿Cuántos tienen entre los dos? | G49: 10 | H49: 2 | J49: =2*G49+H49 -> 22 | K49: 10 + (10 + 2) | L49: Barra de Tomás = 10; barra de Carla = 10 + 2; llave '?' sobre ambas. | M49: Primero, ¿cuántos tiene Carla? | N49: Después suma las dos barras. | O49: Calcular solo lo de Carla, sin sumar a Tomás.
A50: M2-N2-01 | B50: Comparación | C50: 2 | D50: 8-9 | E50: Comparación | F50: Lola tiene 41 globos y Dani tiene 10 más que Lola. ¿Cuántos tiene Dani? | G50: 41 | H50: 10 | J50: =G50+H50 -> 51 | K50: 41 + 10 | L50: Barra de Lola = 41; barra de Dani = 41 + bloque de 10; '?' en la barra de Dani. | M50: ¿Quién tiene más, Lola o Dani? | N50: La barra de Dani empieza igual y añade 10. | O50: Responder 10 (solo la diferencia).
A51: M2-N2-02 | B51: Comparación | C51: 2 | D51: 8-9 | E51: Comparación | F51: Dani tiene 35 cromos y Tomás tiene 13 más que Dani. ¿Cuántos tiene Tomás? | G51: 35 | H51: 13 | J51: =G51+H51 -> 48 | K51: 35 + 13 | L51: Barra de Dani = 35; barra de Tomás = 35 + bloque de 13; '?' en la barra de Tomás. | M51: ¿Quién tiene más, Dani o Tomás? | N51: La barra de Tomás empieza igual y añade 13. | O51: Responder 13 (solo la diferencia).
A52: M2-N2-03 | B52: Comparación | C52: 2 | D52: 8-9 | E52: Comparación | F52: Hugo tiene 24 lápices y Iker tiene 15 más que Hugo. ¿Cuántos tiene Iker? | G52: 24 | H52: 15 | J52: =G52+H52 -> 39 | K52: 24 + 15 | L52: Barra de Hugo = 24; barra de Iker = 24 + bloque de 15; '?' en la barra de Iker. | M52: ¿Quién tiene más, Hugo o Iker? | N52: La barra de Iker empieza igual y añade 15. | O52: Responder 15 (solo la diferencia).
A53: M2-N2-04 | B53: Comparación | C53: 2 | D53: 8-9 | E53: Comparación | F53: Lola tiene 39 libros y Pedro tiene 11 menos. ¿Cuántos tiene Pedro? | G53: 39 | H53: 11 | J53: =G53-H53 -> 28 | K53: 39 - 11 | L53: Barra de Lola = 39; barra de Pedro más corta en 11; '?' en la barra de Pedro. | M53: ¿La barra de Pedro es más larga o más corta? | N53: Quita 11 a la barra de Lola. | O53: Sumar porque aparece el número más pequeño.
A54: M2-N2-05 | B54: Comparación | C54: 2 | D54: 8-9 | E54: Comparación | F54: Dani tiene 41 lápices y Hugo tiene 17 menos. ¿Cuántos tiene Hugo? | G54: 41 | H54: 17 | J54: =G54-H54 -> 24 | K54: 41 - 17 | L54: Barra de Dani = 41; barra de Hugo más corta en 17; '?' en la barra de Hugo. | M54: ¿La barra de Hugo es más larga o más corta? | N54: Quita 17 a la barra de Dani. | O54: Sumar porque aparece el número más pequeño.
A55: M2-N2-06 | B55: Comparación | C55: 2 | D55: 8-9 | E55: Comparación | F55: Leo tiene 21 libros y Lola tiene 9 menos. ¿Cuántos tiene Lola? | G55: 21 | H55: 9 | J55: =G55-H55 -> 12 | K55: 21 - 9 | L55: Barra de Leo = 21; barra de Lola más corta en 9; '?' en la barra de Lola. | M55: ¿La barra de Lola es más larga o más corta? | N55: Quita 9 a la barra de Leo. | O55: Sumar porque aparece el número más pequeño.
A56: M2-N2-07 | B56: Comparación | C56: 2 | D56: 8-9 | E56: Comparación | F56: Carla tiene 40 cromos y Marta tiene 14. ¿Cuántos más tiene Carla que Marta? | G56: 40 | H56: 14 | J56: =G56-H56 -> 26 | K56: 40 - 14 | L56: Dos barras alineadas (40 y 14) y un corchete '?' en la diferencia. | M56: Alinea las dos barras desde la izquierda. | N56: La diferencia es la parte que sobresale de la barra larga. | O56: Sumar los dos números.
A57: M2-N2-08 | B57: Comparación | C57: 2 | D57: 8-9 | E57: Comparación | F57: Ana tiene 26 juguetes y Dani tiene 13. ¿Cuántos más tiene Ana que Dani? | G57: 26 | H57: 13 | J57: =G57-H57 -> 13 | K57: 26 - 13 | L57: Dos barras alineadas (26 y 13) y un corchete '?' en la diferencia. | M57: Alinea las dos barras desde la izquierda. | N57: La diferencia es la parte que sobresale de la barra larga. | O57: Sumar los dos números.
A58: M2-N2-09 | B58: Comparación | C58: 2 | D58: 8-9 | E58: Comparación | F58: Iker tiene 24 cromos y Carla tiene 16. ¿Cuántos más tiene Iker que Carla? | G58: 24 | H58: 16 | J58: =G58-H58 -> 8 | K58: 24 - 16 | L58: Dos barras alineadas (24 y 16) y un corchete '?' en la diferencia. | M58: Alinea las dos barras desde la izquierda. | N58: La diferencia es la parte que sobresale de la barra larga. | O58: Sumar los dos números.
A59: M2-N2-10 | B59: Comparación | C59: 2 | D59: 8-9 | E59: Comparación | F59: Lola tiene 48 caramelos y Pedro tiene 8 más que Lola. ¿Cuántos tienen entre los dos? | G59: 48 | H59: 8 | J59: =2*G59+H59 -> 104 | K59: 48 + (48 + 8) | L59: Barra de Lola = 48; barra de Pedro = 48 + 8; llave '?' sobre ambas. | M59: Primero, ¿cuántos tiene Pedro? | N59: Después suma las dos barras. | O59: Calcular solo lo de Pedro, sin sumar a Lola.
A60: M2-N2-11 | B60: Comparación | C60: 2 | D60: 8-9 | E60: Comparación | F60: Marta tiene 32 lápices y Carla tiene 10 más que Marta. ¿Cuántos tienen entre los dos? | G60: 32 | H60: 10 | J60: =2*G60+H60 -> 74 | K60: 32 + (32 + 10) | L60: Barra de Marta = 32; barra de Carla = 32 + 10; llave '?' sobre ambas. | M60: Primero, ¿cuántos tiene Carla? | N60: Después suma las dos barras. | O60: Calcular solo lo de Carla, sin sumar a Marta.
A61: M2-N2-12 | B61: Comparación | C61: 2 | D61: 8-9 | E61: Comparación | F61: Julia tiene 47 libros y Lola tiene 7 más que Julia. ¿Cuántos tienen entre los dos? | G61: 47 | H61: 7 | J61: =2*G61+H61 -> 101 | K61: 47 + (47 + 7) | L61: Barra de Julia = 47; barra de Lola = 47 + 7; llave '?' sobre ambas. | M61: Primero, ¿cuántos tiene Lola? | N61: Después suma las dos barras. | O61: Calcular solo lo de Lola, sin sumar a Julia.
A62: M2-N3-01 | B62: Comparación | C62: 3 | D62: 9 | E62: Comparación | F62: Julia tiene 94 lápices y Sofía tiene 17 más que Julia. ¿Cuántos tiene Sofía? | G62: 94 | H62: 17 | J62: =G62+H62 -> 111 | K62: 94 + 17 | L62: Barra de Julia = 94; barra de Sofía = 94 + bloque de 17; '?' en la barra de Sofía. | M62: ¿Quién tiene más, Julia o Sofía? | N62: La barra de Sofía empieza igual y añade 17. | O62: Responder 17 (solo la diferencia).
A63: M2-N3-02 | B63: Comparación | C63: 3 | D63: 9 | E63: Comparación | F63: Sofía tiene 103 libros y Dani tiene 21 más que Sofía. ¿Cuántos tiene Dani? | G63: 103 | H63: 21 | J63: =G63+H63 -> 124 | K63: 103 + 21 | L63: Barra de Sofía = 103; barra de Dani = 103 + bloque de 21; '?' en la barra de Dani. | M63: ¿Quién tiene más, Sofía o Dani? | N63: La barra de Dani empieza igual y añade 21. | O63: Responder 21 (solo la diferencia).
A64: M2-N3-03 | B64: Comparación | C64: 3 | D64: 9 | E64: Comparación | F64: Dani tiene 116 globos y Marta tiene 27 más que Dani. ¿Cuántos tiene Marta? | G64: 116 | H64: 27 | J64: =G64+H64 -> 143 | K64: 116 + 27 | L64: Barra de Dani = 116; barra de Marta = 116 + bloque de 27; '?' en la barra de Marta. | M64: ¿Quién tiene más, Dani o Marta? | N64: La barra de Marta empieza igual y añade 27. | O64: Responder 27 (solo la diferencia).
A65: M2-N3-04 | B65: Comparación | C65: 3 | D65: 9 | E65: Comparación | F65: Dani tiene 117 caramelos y Leo tiene 37 menos. ¿Cuántos tiene Leo? | G65: 117 | H65: 37 | J65: =G65-H65 -> 80 | K65: 117 - 37 | L65: Barra de Dani = 117; barra de Leo más corta en 37; '?' en la barra de Leo. | M65: ¿La barra de Leo es más larga o más corta? | N65: Quita 37 a la barra de Dani. | O65: Sumar porque aparece el número más pequeño.
A66: M2-N3-05 | B66: Comparación | C66: 3 | D66: 9 | E66: Comparación | F66: Sofía tiene 79 lápices y Leo tiene 12 menos. ¿Cuántos tiene Leo? | G66: 79 | H66: 12 | J66: =G66-H66 -> 67 | K66: 79 - 12 | L66: Barra de Sofía = 79; barra de Leo más corta en 12; '?' en la barra de Leo. | M66: ¿La barra de Leo es más larga o más corta? | N66: Quita 12 a la barra de Sofía. | O66: Sumar porque aparece el número más pequeño.
A67: M2-N3-06 | B67: Comparación | C67: 3 | D67: 9 | E67: Comparación | F67: Leo tiene 92 juguetes y Dani tiene 25 menos. ¿Cuántos tiene Dani? | G67: 92 | H67: 25 | J67: =G67-H67 -> 67 | K67: 92 - 25 | L67: Barra de Leo = 92; barra de Dani más corta en 25; '?' en la barra de Dani. | M67: ¿La barra de Dani es más larga o más corta? | N67: Quita 25 a la barra de Leo. | O67: Sumar porque aparece el número más pequeño.
A68: M2-N3-07 | B68: Comparación | C68: 3 | D68: 9 | E68: Comparación | F68: Lola tiene 53 lápices y Carla tiene 23. ¿Cuántos más tiene Lola que Carla? | G68: 53 | H68: 23 | J68: =G68-H68 -> 30 | K68: 53 - 23 | L68: Dos barras alineadas (53 y 23) y un corchete '?' en la diferencia. | M68: Alinea las dos barras desde la izquierda. | N68: La diferencia es la parte que sobresale de la barra larga. | O68: Sumar los dos números.
A69: M2-N3-08 | B69: Comparación | C69: 3 | D69: 9 | E69: Comparación | F69: Marta tiene 118 caramelos y Tomás tiene 18. ¿Cuántos más tiene Marta que Tomás? | G69: 118 | H69: 18 | J69: =G69-H69 -> 100 | K69: 118 - 18 | L69: Dos barras alineadas (118 y 18) y un corchete '?' en la diferencia. | M69: Alinea las dos barras desde la izquierda. | N69: La diferencia es la parte que sobresale de la barra larga. | O69: Sumar los dos números.
A70: M2-N3-09 | B70: Comparación | C70: 3 | D70: 9 | E70: Comparación | F70: Leo tiene 85 juguetes y Hugo tiene 29. ¿Cuántos más tiene Leo que Hugo? | G70: 85 | H70: 29 | J70: =G70-H70 -> 56 | K70: 85 - 29 | L70: Dos barras alineadas (85 y 29) y un corchete '?' en la diferencia. | M70: Alinea las dos barras desde la izquierda. | N70: La diferencia es la parte que sobresale de la barra larga. | O70: Sumar los dos números.
A71: M2-N3-10 | B71: Comparación | C71: 3 | D71: 9 | E71: Comparación | F71: Hugo tiene 87 caramelos y Pedro tiene 30 más que Hugo. ¿Cuántos tienen entre los dos? | G71: 87 | H71: 30 | J71: =2*G71+H71 -> 204 | K71: 87 + (87 + 30) | L71: Barra de Hugo = 87; barra de Pedro = 87 + 30; llave '?' sobre ambas. | M71: Primero, ¿cuántos tiene Pedro? | N71: Después suma las dos barras. | O71: Calcular solo lo de Pedro, sin sumar a Hugo.
A72: M2-N3-11 | B72: Comparación | C72: 3 | D72: 9 | E72: Comparación | F72: Sofía tiene 66 caramelos y Carla tiene 15 más que Sofía. ¿Cuántos tienen entre los dos? | G72: 66 | H72: 15 | J72: =2*G72+H72 -> 147 | K72: 66 + (66 + 15) | L72: Barra de Sofía = 66; barra de Carla = 66 + 15; llave '?' sobre ambas. | M72: Primero, ¿cuántos tiene Carla? | N72: Después suma las dos barras. | O72: Calcular solo lo de Carla, sin sumar a Sofía.
A73: M2-N3-12 | B73: Comparación | C73: 3 | D73: 9 | E73: Comparación | F73: Sofía tiene 71 libros y Leo tiene 15 más que Sofía. ¿Cuántos tienen entre los dos? | G73: 71 | H73: 15 | J73: =2*G73+H73 -> 157 | K73: 71 + (71 + 15) | L73: Barra de Sofía = 71; barra de Leo = 71 + 15; llave '?' sobre ambas. | M73: Primero, ¿cuántos tiene Leo? | N73: Después suma las dos barras. | O73: Calcular solo lo de Leo, sin sumar a Sofía.
A74: M3-N1-01 | B74: Fracciones | C74: 1 | D74: 9 | E74: Parte-todo (fracciones) | F74: Hay 8 lápices; 1/2 son rojos. ¿Cuántos son rojos? | G74: 8 | H74: 2 | I74: 1 | J74: =G74/H74*I74 -> 4 | K74: 8 ÷ 2 × 1 | L74: Barra de 8 dividida en 2 partes iguales; se sombrean 1 y '?' marca su valor. | M74: ¿En cuántas partes iguales se divide la barra? | N74: Calcula cuánto vale una parte y toma 1. | O74: Dividir y olvidar multiplicar por el numerador.
A75: M3-N1-02 | B75: Fracciones | C75: 1 | D75: 9 | E75: Parte-todo (fracciones) | F75: Hay 12 globos; 1/2 son rojos. ¿Cuántos son rojos? | G75: 12 | H75: 2 | I75: 1 | J75: =G75/H75*I75 -> 6 | K75: 12 ÷ 2 × 1 | L75: Barra de 12 dividida en 2 partes iguales; se sombrean 1 y '?' marca su valor. | M75: ¿En cuántas partes iguales se divide la barra? | N75: Calcula cuánto vale una parte y toma 1. | O75: Dividir y olvidar multiplicar por el numerador.
A76: M3-N1-03 | B76: Fracciones | C76: 1 | D76: 9 | E76: Parte-todo (fracciones) | F76: Hay 16 cromos; 3/4 son rojos. ¿Cuántos son rojos? | G76: 16 | H76: 4 | I76: 3 | J76: =G76/H76*I76 -> 12 | K76: 16 ÷ 4 × 3 | L76: Barra de 16 dividida en 4 partes iguales; se sombrean 3 y '?' marca su valor. | M76: ¿En cuántas partes iguales se divide la barra? | N76: Calcula cuánto vale una parte y toma 3. | O76: Dividir y olvidar multiplicar por el numerador.
A77: M3-N1-04 | B77: Fracciones | C77: 1 | D77: 9 | E77: Parte-todo (fracciones) | F77: Ana tenía 20 euros y gastó 1/4. ¿Cuántos euros le quedan? | G77: 20 | H77: 4 | I77: 1 | J77: =G77-G77/H77*I77 -> 15 | K77: 20 - (20 ÷ 4 × 1) | L77: Barra de 20 en 4 partes; 1 sombreadas (gastado); el resto '?'. | M77: ¿Qué parte se gastó y cuál queda? | N77: Halla lo gastado y réstalo del total. | O77: Responder con lo gastado.
A78: M3-N1-05 | B78: Fracciones | C78: 1 | D78: 9 | E78: Parte-todo (fracciones) | F78: Sofía tenía 4 euros y gastó 1/2. ¿Cuántos euros le quedan? | G78: 4 | H78: 2 | I78: 1 | J78: =G78-G78/H78*I78 -> 2 | K78: 4 - (4 ÷ 2 × 1) | L78: Barra de 4 en 2 partes; 1 sombreadas (gastado); el resto '?'. | M78: ¿Qué parte se gastó y cuál queda? | N78: Halla lo gastado y réstalo del total. | O78: Responder con lo gastado.
A79: M3-N1-06 | B79: Fracciones | C79: 1 | D79: 9 | E79: Parte-todo (fracciones) | F79: Hugo tenía 12 euros y gastó 1/2. ¿Cuántos euros le quedan? | G79: 12 | H79: 2 | I79: 1 | J79: =G79-G79/H79*I79 -> 6 | K79: 12 - (12 ÷ 2 × 1) | L79: Barra de 12 en 2 partes; 1 sombreadas (gastado); el resto '?'. | M79: ¿Qué parte se gastó y cuál queda? | N79: Halla lo gastado y réstalo del total. | O79: Responder con lo gastado.
A80: M3-N1-07 | B80: Fracciones | C80: 1 | D80: 9 | E80: Parte-todo (fracciones) | F80: Un cuento tiene 20 páginas y Hugo ya leyó 1/4. ¿Cuántas páginas le faltan? | G80: 20 | H80: 4 | I80: 1 | J80: =G80-G80/H80 -> 15 | K80: 20 - (20 ÷ 4) | L80: Barra de 20 en 4 partes; 1 leída; las demás '?'. | M80: ¿Cuántas partes faltan por leer? | N80: Faltan 3 de 4 partes: halla una parte y multiplica. | O80: Responder con lo leído.
A81: M3-N1-08 | B81: Fracciones | C81: 1 | D81: 9 | E81: Parte-todo (fracciones) | F81: Un cuento tiene 10 páginas y Tomás ya leyó 1/2. ¿Cuántas páginas le faltan? | G81: 10 | H81: 2 | I81: 1 | J81: =G81-G81/H81 -> 5 | K81: 10 - (10 ÷ 2) | L81: Barra de 10 en 2 partes; 1 leída; las demás '?'. | M81: ¿Cuántas partes faltan por leer? | N81: Faltan 1 de 2 partes: halla una parte y multiplica. | O81: Responder con lo leído.
A82: M3-N1-09 | B82: Fracciones | C82: 1 | D82: 9 | E82: Parte-todo (fracciones) | F82: Un cuento tiene 12 páginas y Dani ya leyó 1/2. ¿Cuántas páginas le faltan? | G82: 12 | H82: 2 | I82: 1 | J82: =G82-G82/H82 -> 6 | K82: 12 - (12 ÷ 2) | L82: Barra de 12 en 2 partes; 1 leída; las demás '?'. | M82: ¿Cuántas partes faltan por leer? | N82: Faltan 1 de 2 partes: halla una parte y multiplica. | O82: Responder con lo leído.
A83: M3-N1-10 | B83: Fracciones | C83: 1 | D83: 9 | E83: Parte-todo (fracciones) | F83: 1/2 de los alumnos de una clase son niñas y hay 4 niñas. ¿Cuántos alumnos hay en la clase? | G83: 4 | H83: 2 | I83: 1 | J83: =G83/I83*H83 -> 8 | K83: 4 ÷ 1 × 2 | L83: Barra en 2 partes; 1 valen 4; el total '?'. | M83: ¿Cuánto vale cada parte si 1 partes valen 4? | N83: Una parte × 2 partes = total. | O83: Tomar el dato como el total de la clase.
A84: M3-N1-11 | B84: Fracciones | C84: 1 | D84: 9 | E84: Parte-todo (fracciones) | F84: 1/4 de los alumnos de una clase son niñas y hay 5 niñas. ¿Cuántos alumnos hay en la clase? | G84: 5 | H84: 4 | I84: 1 | J84: =G84/I84*H84 -> 20 | K84: 5 ÷ 1 × 4 | L84: Barra en 4 partes; 1 valen 5; el total '?'. | M84: ¿Cuánto vale cada parte si 1 partes valen 5? | N84: Una parte × 4 partes = total. | O84: Tomar el dato como el total de la clase.
A85: M3-N1-12 | B85: Fracciones | C85: 1 | D85: 9 | E85: Parte-todo (fracciones) | F85: 3/4 de los alumnos de una clase son niñas y hay 6 niñas. ¿Cuántos alumnos hay en la clase? | G85: 6 | H85: 4 | I85: 3 | J85: =G85/I85*H85 -> 8 | K85: 6 ÷ 3 × 4 | L85: Barra en 4 partes; 3 valen 6; el total '?'. | M85: ¿Cuánto vale cada parte si 3 partes valen 6? | N85: Una parte × 4 partes = total. | O85: Tomar el dato como el total de la clase.
A86: M3-N2-01 | B86: Fracciones | C86: 2 | D86: 9-10 | E86: Parte-todo (fracciones) | F86: Hay 20 libros; 3/5 son rojos. ¿Cuántos son rojos? | G86: 20 | H86: 5 | I86: 3 | J86: =G86/H86*I86 -> 12 | K86: 20 ÷ 5 × 3 | L86: Barra de 20 dividida en 5 partes iguales; se sombrean 3 y '?' marca su valor. | M86: ¿En cuántas partes iguales se divide la barra? | N86: Calcula cuánto vale una parte y toma 3. | O86: Dividir y olvidar multiplicar por el numerador.
A87: M3-N2-02 | B87: Fracciones | C87: 2 | D87: 9-10 | E87: Parte-todo (fracciones) | F87: Hay 24 globos; 2/8 son rojos. ¿Cuántos son rojos? | G87: 24 | H87: 8 | I87: 2 | J87: =G87/H87*I87 -> 6 | K87: 24 ÷ 8 × 2 | L87: Barra de 24 dividida en 8 partes iguales; se sombrean 2 y '?' marca su valor. | M87: ¿En cuántas partes iguales se divide la barra? | N87: Calcula cuánto vale una parte y toma 2. | O87: Dividir y olvidar multiplicar por el numerador.
A88: M3-N2-03 | B88: Fracciones | C88: 2 | D88: 9-10 | E88: Parte-todo (fracciones) | F88: Hay 24 cromos; 2/8 son rojos. ¿Cuántos son rojos? | G88: 24 | H88: 8 | I88: 2 | J88: =G88/H88*I88 -> 6 | K88: 24 ÷ 8 × 2 | L88: Barra de 24 dividida en 8 partes iguales; se sombrean 2 y '?' marca su valor. | M88: ¿En cuántas partes iguales se divide la barra? | N88: Calcula cuánto vale una parte y toma 2. | O88: Dividir y olvidar multiplicar por el numerador.
A89: M3-N2-04 | B89: Fracciones | C89: 2 | D89: 9-10 | E89: Parte-todo (fracciones) | F89: Leo tenía 32 euros y gastó 2/8. ¿Cuántos euros le quedan? | G89: 32 | H89: 8 | I89: 2 | J89: =G89-G89/H89*I89 -> 24 | K89: 32 - (32 ÷ 8 × 2) | L89: Barra de 32 en 8 partes; 2 sombreadas (gastado); el resto '?'. | M89: ¿Qué parte se gastó y cuál queda? | N89: Halla lo gastado y réstalo del total. | O89: Responder con lo gastado.
A90: M3-N2-05 | B90: Fracciones | C90: 2 | D90: 9-10 | E90: Parte-todo (fracciones) | F90: Hugo tenía 64 euros y gastó 6/8. ¿Cuántos euros le quedan? | G90: 64 | H90: 8 | I90: 6 | J90: =G90-G90/H90*I90 -> 16 | K90: 64 - (64 ÷ 8 × 6) | L90: Barra de 64 en 8 partes; 6 sombreadas (gastado); el resto '?'. | M90: ¿Qué parte se gastó y cuál queda? | N90: Halla lo gastado y réstalo del total. | O90: Responder con lo gastado.
A91: M3-N2-06 | B91: Fracciones | C91: 2 | D91: 9-10 | E91: Parte-todo (fracciones) | F91: Julia tenía 15 euros y gastó 2/5. ¿Cuántos euros le quedan? | G91: 15 | H91: 5 | I91: 2 | J91: =G91-G91/H91*I91 -> 9 | K91: 15 - (15 ÷ 5 × 2) | L91: Barra de 15 en 5 partes; 2 sombreadas (gastado); el resto '?'. | M91: ¿Qué parte se gastó y cuál queda? | N91: Halla lo gastado y réstalo del total. | O91: Responder con lo gastado.
A92: M3-N2-07 | B92: Fracciones | C92: 2 | D92: 9-10 | E92: Parte-todo (fracciones) | F92: Un cuento tiene 45 páginas y Julia ya leyó 1/5. ¿Cuántas páginas le faltan? | G92: 45 | H92: 5 | I92: 1 | J92: =G92-G92/H92 -> 36 | K92: 45 - (45 ÷ 5) | L92: Barra de 45 en 5 partes; 1 leída; las demás '?'. | M92: ¿Cuántas partes faltan por leer? | N92: Faltan 4 de 5 partes: halla una parte y multiplica. | O92: Responder con lo leído.
A93: M3-N2-08 | B93: Fracciones | C93: 2 | D93: 9-10 | E93: Parte-todo (fracciones) | F93: Un cuento tiene 27 páginas y Carla ya leyó 1/3. ¿Cuántas páginas le faltan? | G93: 27 | H93: 3 | I93: 1 | J93: =G93-G93/H93 -> 18 | K93: 27 - (27 ÷ 3) | L93: Barra de 27 en 3 partes; 1 leída; las demás '?'. | M93: ¿Cuántas partes faltan por leer? | N93: Faltan 2 de 3 partes: halla una parte y multiplica. | O93: Responder con lo leído.
A94: M3-N2-09 | B94: Fracciones | C94: 2 | D94: 9-10 | E94: Parte-todo (fracciones) | F94: Un cuento tiene 15 páginas y Lola ya leyó 1/3. ¿Cuántas páginas le faltan? | G94: 15 | H94: 3 | I94: 1 | J94: =G94-G94/H94 -> 10 | K94: 15 - (15 ÷ 3) | L94: Barra de 15 en 3 partes; 1 leída; las demás '?'. | M94: ¿Cuántas partes faltan por leer? | N94: Faltan 2 de 3 partes: halla una parte y multiplica. | O94: Responder con lo leído.
A95: M3-N2-10 | B95: Fracciones | C95: 2 | D95: 9-10 | E95: Parte-todo (fracciones) | F95: 2/8 de los alumnos de una clase son niñas y hay 18 niñas. ¿Cuántos alumnos hay en la clase? | G95: 18 | H95: 8 | I95: 2 | J95: =G95/I95*H95 -> 72 | K95: 18 ÷ 2 × 8 | L95: Barra en 8 partes; 2 valen 18; el total '?'. | M95: ¿Cuánto vale cada parte si 2 partes valen 18? | N95: Una parte × 8 partes = total. | O95: Tomar el dato como el total de la clase.
A96: M3-N2-11 | B96: Fracciones | C96: 2 | D96: 9-10 | E96: Parte-todo (fracciones) | F96: 2/3 de los alumnos de una clase son niñas y hay 6 niñas. ¿Cuántos alumnos hay en la clase? | G96: 6 | H96: 3 | I96: 2 | J96: =G96/I96*H96 -> 9 | K96: 6 ÷ 2 × 3 | L96: Barra en 3 partes; 2 valen 6; el total '?'. | M96: ¿Cuánto vale cada parte si 2 partes valen 6? | N96: Una parte × 3 partes = total. | O96: Tomar el dato como el total de la clase.
A97: M3-N2-12 | B97: Fracciones | C97: 2 | D97: 9-10 | E97: Parte-todo (fracciones) | F97: 1/5 de los alumnos de una clase son niñas y hay 7 niñas. ¿Cuántos alumnos hay en la clase? | G97: 7 | H97: 5 | I97: 1 | J97: =G97/I97*H97 -> 35 | K97: 7 ÷ 1 × 5 | L97: Barra en 5 partes; 1 valen 7; el total '?'. | M97: ¿Cuánto vale cada parte si 1 partes valen 7? | N97: Una parte × 5 partes = total. | O97: Tomar el dato como el total de la clase.
A98: M3-N3-01 | B98: Fracciones | C98: 3 | D98: 10-11 | E98: Parte-todo (fracciones) | F98: Hay 84 juguetes; 5/7 son rojos. ¿Cuántos son rojos? | G98: 84 | H98: 7 | I98: 5 | J98: =G98/H98*I98 -> 60 | K98: 84 ÷ 7 × 5 | L98: Barra de 84 dividida en 7 partes iguales; se sombrean 5 y '?' marca su valor. | M98: ¿En cuántas partes iguales se divide la barra? | N98: Calcula cuánto vale una parte y toma 5. | O98: Dividir y olvidar multiplicar por el numerador.
A99: M3-N3-02 | B99: Fracciones | C99: 3 | D99: 10-11 | E99: Parte-todo (fracciones) | F99: Hay 81 caramelos; 6/9 son rojos. ¿Cuántos son rojos? | G99: 81 | H99: 9 | I99: 6 | J99: =G99/H99*I99 -> 54 | K99: 81 ÷ 9 × 6 | L99: Barra de 81 dividida en 9 partes iguales; se sombrean 6 y '?' marca su valor. | M99: ¿En cuántas partes iguales se divide la barra? | N99: Calcula cuánto vale una parte y toma 6. | O99: Dividir y olvidar multiplicar por el numerador.
A100: M3-N3-03 | B100: Fracciones | C100: 3 | D100: 10-11 | E100: Parte-todo (fracciones) | F100: Hay 24 lápices; 4/6 son rojos. ¿Cuántos son rojos? | G100: 24 | H100: 6 | I100: 4 | J100: =G100/H100*I100 -> 16 | K100: 24 ÷ 6 × 4 | L100: Barra de 24 dividida en 6 partes iguales; se sombrean 4 y '?' marca su valor. | M100: ¿En cuántas partes iguales se divide la barra? | N100: Calcula cuánto vale una parte y toma 4. | O100: Dividir y olvidar multiplicar por el numerador.
...

Sheet Resumen
A1: Mundo | B1: Nivel 1 | C1: Nivel 2 | D1: Nivel 3 | E1: Total
A2: Suma y resta | B2: =COUNTIFS(Problemas!$B:$B,$A2,Problemas!$C:$C,1) -> 12 | C2: =COUNTIFS(Problemas!$B:$B,$A2,Problemas!$C:$C,2) -> 12 | D2: =COUNTIFS(Problemas!$B:$B,$A2,Problemas!$C:$C,3) -> 12 | E2: =SUM(B2:D2) -> 36
A3: Comparación | B3: =COUNTIFS(Problemas!$B:$B,$A3,Problemas!$C:$C,1) -> 12 | C3: =COUNTIFS(Problemas!$B:$B,$A3,Problemas!$C:$C,2) -> 12 | D3: =COUNTIFS(Problemas!$B:$B,$A3,Problemas!$C:$C,3) -> 12 | E3: =SUM(B3:D3) -> 36
A4: Fracciones | B4: =COUNTIFS(Problemas!$B:$B,$A4,Problemas!$C:$C,1) -> 12 | C4: =COUNTIFS(Problemas!$B:$B,$A4,Problemas!$C:$C,2) -> 12 | D4: =COUNTIFS(Problemas!$B:$B,$A4,Problemas!$C:$C,3) -> 12 | E4: =SUM(B4:D4) -> 36
A5: Multiplicar y dividir | B5: =COUNTIFS(Problemas!$B:$B,$A5,Problemas!$C:$C,1) -> 12 | C5: =COUNTIFS(Problemas!$B:$B,$A5,Problemas!$C:$C,2) -> 12 | D5: =COUNTIFS(Problemas!$B:$B,$A5,Problemas!$C:$C,3) -> 12 | E5: =SUM(B5:D5) -> 36
A6: Total | B6: =SUM(B2:B5) -> 48 | C6: =SUM(C2:C5) -> 48 | D6: =SUM(D2:D5) -> 48 | E6: =SUM(E2:E5) -> 144

Sheet Instrucciones
A1: Banco de problemas de Barri (método Singapur, modelo de barras)
A2: Texto azul en Dato 1-3: valores de entrada. La columna Respuesta se calcula con fórmula a partir de ellos.
A3: Si cambias un dato, actualiza a mano también el enunciado, la operación y el modelo de barras (son texto).
A4: Dato 3 solo se usa en fracciones (numerador). En fracciones: Dato 1 = total (o parte conocida), Dato 2 = denominador.
A5: Los problemas se generaron a partir de plantillas con nombres y números variados; conviene revisarlos con el grupo antes de usarlos.
A6: Edad sugerida y niveles son orientativos.
